[{"subject":"Can a Wild Daisy Rejuvenate Croatia’s Farming Economy?","content":"ZADAR, Croatia — For generations, residents of Zadar, an idyllic town on the Adriatic coast of Croatia, used the dry, stringy stems and yellow blossoms of a common variety of a wild daisy as kindling, mostly to singe the hair off pigs destined for the spit. But about five years ago, cosmetics manufacturers and the essential oils industry started using a rare extract from the flower — known as the curry plant for its spicy aroma — as a critical ingredient in high-end creams, ointments and tinctures, sold for their purported rejuvenating powers.","url":null,"attached":"0.pdf","picture":"pic0.jpg","face":null,"tip":null,"dId":"729223a0-a922-4b00-883e-55eebe21d42c","analysis":{"nlu":{"language":"fr","entities":[{"content":"ZADAR, Croatia — For generations, residents of Zadar, an idyllic town on the Adriatic coast of Croatia, used the dry, stringy stems and yellow blossoms of a common variety of a wild daisy as kindling, mostly to singe the hair off pigs destined for the spit. But about five years ago, cosmetics manufacturers and the essential oils industry started using a rare extract from the flower — known as the curry plant for its spicy aroma — as a critical ingredient in high-end creams, ointments and tinctures, sold for their purported rejuvenating powers.","attached":null,"docLabel":null,"docScore":null,"language":"fr","type":"Location","relevance":0.95577,"text":"ZADAR","count":1,"emotion":{},"sentiment":{"score":0},"disambiguation":{}},{"content":"ZADAR, Croatia — For generations, residents of Zadar, an idyllic town on the Adriatic coast of Croatia, used the dry, stringy stems and yellow blossoms of a common variety of a wild daisy as kindling, mostly to singe the hair off pigs destined for the spit. But about five years ago, cosmetics manufacturers and the essential oils industry started using a rare extract from the flower — known as the curry plant for its spicy aroma — as a critical ingredient in high-end creams, ointments and tinctures, sold for their purported rejuvenating powers.","attached":null,"docLabel":null,"docScore":null,"language":"fr","type":"Location","relevance":0.945622,"text":"Croatia","count":1,"emotion":{},"sentiment":{"score":0},"disambiguation":{}}],"keywords":[{"content":"ZADAR, Croatia — For generations, residents of Zadar, an idyllic town on the Adriatic coast of Croatia, used the dry, stringy stems and yellow blossoms of a common variety of a wild daisy as kindling, mostly to singe the hair off pigs destined for the spit. But about five years ago, cosmetics manufacturers and the essential oils industry started using a rare extract from the flower — known as the curry plant for its spicy aroma — as a critical ingredient in high-end creams, ointments and tinctures, sold for their purported rejuvenating powers.","language":"fr","relevance":0.975307,"text":"pigs destined for","emotion":{}},{"content":"ZADAR, Croatia — For generations, residents of Zadar, an idyllic town on the Adriatic coast of Croatia, used the dry, stringy stems and yellow blossoms of a common variety of a wild daisy as kindling, mostly to singe the hair off pigs destined for the spit. But about five years ago, cosmetics manufacturers and the essential oils industry started using a rare extract from the flower — known as the curry plant for its spicy aroma — as a critical ingredient in high-end creams, ointments and tinctures, sold for their purported rejuvenating powers.","language":"fr","relevance":0.91336,"text":"for its spicy","emotion":{}}],"categories":[{"content":"ZADAR, Croatia — For generations, residents of Zadar, an idyllic town on the Adriatic coast of Croatia, used the dry, stringy stems and yellow blossoms of a common variety of a wild daisy as kindling, mostly to singe the hair off pigs destined for the spit. But about five years ago, cosmetics manufacturers and the essential oils industry started using a rare extract from the flower — known as the curry plant for its spicy aroma — as a critical ingredient in high-end creams, ointments and tinctures, sold for their purported rejuvenating powers.","attached":null,"docLabel":null,"docScore":null,"language":"fr","label":"/business and industrial/energy/oil","score":0.332624},{"content":"ZADAR, Croatia — For generations, residents of Zadar, an idyllic town on the Adriatic coast of Croatia, used the dry, stringy stems and yellow blossoms of a common variety of a wild daisy as kindling, mostly to singe the hair off pigs destined for the spit. But about five years ago, cosmetics manufacturers and the essential oils industry started using a rare extract from the flower — known as the curry plant for its spicy aroma — as a critical ingredient in high-end creams, ointments and tinctures, sold for their purported rejuvenating powers.","attached":null,"docLabel":null,"docScore":null,"language":"fr","label":"/style and fashion/beauty/cosmetics","score":0.189161},{"content":"ZADAR, Croatia — For generations, residents of Zadar, an idyllic town on the Adriatic coast of Croatia, used the dry, stringy stems and yellow blossoms of a common variety of a wild daisy as kindling, mostly to singe the hair off pigs destined for the spit. But about five years ago, cosmetics manufacturers and the essential oils industry started using a rare extract from the flower — known as the curry plant for its spicy aroma — as a critical ingredient in high-end creams, ointments and tinctures, sold for their purported rejuvenating powers.","attached":null,"docLabel":null,"docScore":null,"language":"fr","label":"/automotive and vehicles/vehicle rental","score":0.143347}]},"tav1":{"content":"Can a Wild Daisy Rejuvenate Croatia’s Farming Economy?","emotion":{"joy":0.504607},"language":{},"social":{}},"tav3":null,"dsc":{"sentiment":{"document":{"score":0.0142575,"label":"positive"}},"entities":[{"content":null,"attached":"0.pdf","docLabel":"positive","docScore":0.0142575,"language":null,"type":"Person","relevance":0.745671,"text":"Nino Simunic","count":7,"emotion":{},"sentiment":{"score":-0.340666,"label":"negative"},"disambiguation":{}},{"content":null,"attached":"0.pdf","docLabel":"positive","docScore":0.0142575,"language":null,"type":"Location","relevance":0.562032,"text":"Zadar","count":3,"emotion":{},"sentiment":{"score":0.745527,"label":"positive"},"disambiguation":{"subtype":["AdministrativeDivision","City"],"name":"Zadar","dbpedia_resource":"http://dbpedia.org/resource/Zadar"}},{"content":null,"attached":"0.pdf","docLabel":"positive","docScore":0.0142575,"language":null,"type":"Location","relevance":0.460885,"text":"Croatia","count":2,"emotion":{},"sentiment":{"score":-0.461967,"label":"negative"},"disambiguation":{"subtype":["GovernmentalJurisdiction","Country"],"name":"Croatia","dbpedia_resource":"http://dbpedia.org/resource/Croatia"}},{"content":null,"attached":"0.pdf","docLabel":"positive","docScore":0.0142575,"language":null,"type":"Person","relevance":0.349678,"text":"Helichrysum italicum","count":1,"emotion":{},"sentiment":{"score":0,"label":"neutral"},"disambiguation":{}},{"content":null,"attached":"0.pdf","docLabel":"positive","docScore":0.0142575,"language":null,"type":"Organization","relevance":0.346081,"text":"European Union","count":1,"emotion":{},"sentiment":{"score":-0.451181,"label":"negative"},"disambiguation":{"subtype":["Location","Country","GovernmentalJurisdiction","MembershipOrganization","AwardWinner"],"name":"European Union","dbpedia_resource":"http://dbpedia.org/resource/European_Union"}},{"content":null,"attached":"0.pdf","docLabel":"positive","docScore":0.0142575,"language":null,"type":"Facility","relevance":0.341662,"text":"monastery of Benedictine","count":1,"emotion":{},"sentiment":{"score":0,"label":"neutral"},"disambiguation":{}},{"content":null,"attached":"0.pdf","docLabel":"positive","docScore":0.0142575,"language":null,"type":"Location","relevance":0.319987,"text":"Corsica","count":1,"emotion":{},"sentiment":{"score":0.520741,"label":"positive"},"disambiguation":{"subtype":["City"]}},{"content":null,"attached":"0.pdf","docLabel":"positive","docScore":0.0142575,"language":null,"type":"Location","relevance":0.318962,"text":"Adriatic","count":1,"emotion":{},"sentiment":{"score":0.415733,"label":"positive"},"disambiguation":{"subtype":["Region"]}},{"content":null,"attached":"0.pdf","docLabel":"positive","docScore":0.0142575,"language":null,"type":"Person","relevance":0.308271,"text":"Lucy Primrose","count":1,"emotion":{},"sentiment":{"score":0,"label":"neutral"},"disambiguation":{}},{"content":null,"attached":"0.pdf","docLabel":"positive","docScore":0.0142575,"language":null,"type":"JobTitle","relevance":0.278946,"text":"director","count":1,"emotion":{},"sentiment":{"score":0.446519,"label":"positive"},"disambiguation":{}},{"content":null,"attached":"0.pdf","docLabel":"positive","docScore":0.0142575,"language":null,"type":"Quantity","relevance":0.278946,"text":"1.15 liters","count":1,"emotion":{},"sentiment":{"score":0,"label":"neutral"},"disambiguation":{}},{"content":null,"attached":"0.pdf","docLabel":"positive","docScore":0.0142575,"language":null,"type":"Quantity","relevance":0.278946,"text":"12 acres","count":1,"emotion":{},"sentiment":{"score":0,"label":"neutral"},"disambiguation":{}},{"content":null,"attached":"0.pdf","docLabel":"positive","docScore":0.0142575,"language":null,"type":"Quantity","relevance":0.278946,"text":"six-year","count":1,"emotion":{},"sentiment":{"score":0,"label":"neutral"},"disambiguation":{}},{"content":null,"attached":"0.pdf","docLabel":"positive","docScore":0.0142575,"language":null,"type":"Quantity","relevance":0.278946,"text":"15-year","count":1,"emotion":{},"sentiment":{"score":0,"label":"neutral"},"disambiguation":{}}],"concepts":[{"content":null,"attached":"0.pdf","docLabel":"positive","docScore":0.0142575,"text":"Helichrysum italicum","relevance":0.986686,"dbpedia_resource":"http://dbpedia.org/resource/Helichrysum_italicum"},{"content":null,"attached":"0.pdf","docLabel":"positive","docScore":0.0142575,"text":"Helichrysum","relevance":0.750497,"dbpedia_resource":"http://dbpedia.org/resource/Helichrysum"},{"content":null,"attached":"0.pdf","docLabel":"positive","docScore":0.0142575,"text":"Croatia","relevance":0.722552,"dbpedia_resource":"http://dbpedia.org/resource/Croatia"},{"content":null,"attached":"0.pdf","docLabel":"positive","docScore":0.0142575,"text":"Adriatic Sea","relevance":0.688865,"dbpedia_resource":"http://dbpedia.org/resource/Adriatic_Sea"},{"content":null,"attached":"0.pdf","docLabel":"positive","docScore":0.0142575,"text":"Oil","relevance":0.607202,"dbpedia_resource":"http://dbpedia.org/resource/Oil"},{"content":null,"attached":"0.pdf","docLabel":"positive","docScore":0.0142575,"text":"Skin","relevance":0.589555,"dbpedia_resource":"http://dbpedia.org/resource/Skin"},{"content":null,"attached":"0.pdf","docLabel":"positive","docScore":0.0142575,"text":"Essential oil","relevance":0.586325,"dbpedia_resource":"http://dbpedia.org/resource/Essential_oil"},{"content":null,"attached":"0.pdf","docLabel":"positive","docScore":0.0142575,"text":"Curry","relevance":0.558781,"dbpedia_resource":"http://dbpedia.org/resource/Curry"}],"categories":[{"content":null,"attached":"0.pdf","docLabel":"positive","docScore":0.0142575,"language":null,"label":"/business and industrial/energy/oil","score":0.420108},{"content":null,"attached":"0.pdf","docLabel":"positive","docScore":0.0142575,"language":null,"label":"/travel/tourist destinations/africa","score":0.388172},{"content":null,"attached":"0.pdf","docLabel":"positive","docScore":0.0142575,"language":null,"label":"/society/work/unemployment","score":0.387994}]},"vr":{"classes":[{"picture":"pic0.jpg","score":0.652,"type_hierarchy":"/nature/landfill","class":"landfill"},{"picture":"pic0.jpg","score":0.814,"type_hierarchy":null,"class":"nature"},{"picture":"pic0.jpg","score":0.5,"type_hierarchy":"/nature/beach","class":"beach"},{"picture":"pic0.jpg","score":0.798,"type_hierarchy":null,"class":"slope"},{"picture":"pic0.jpg","score":0.788,"type_hierarchy":null,"class":"vehicle"},{"picture":"pic0.jpg","score":0.797,"type_hierarchy":null,"class":"shore"},{"picture":"pic0.jpg","score":0.766,"type_hierarchy":null,"class":"sea green color"}]},"fr":null,"tr":null}},{"subject":"Rival Factions Battle for Control in Eastern Ukraine","content":"MOSCOW — Dozens of armed men occupied the center of the city of Luhansk in eastern Ukraine on Wednesday, blocking the entrances to several government buildings during a standoff between two top officials in the Russian-backed separatist enclave. Armored vehicles appeared on the streets and the city’s inhabitants were fleeing the area en masse, according to local news media reports.","url":null,"attached":"1.doc","picture":"pic1.jpg","face":null,"tip":null,"dId":"83c8f8e5-bcb6-455a-a2a1-60876f03c8e5","analysis":{"nlu":{"language":"fr","entities":[{"content":"MOSCOW — Dozens of armed men occupied the center of the city of Luhansk in eastern Ukraine on Wednesday, blocking the entrances to several government buildings during a standoff between two top officials in the Russian-backed separatist enclave. Armored vehicles appeared on the streets and the city’s inhabitants were fleeing the area en masse, according to local news media reports.","attached":null,"docLabel":null,"docScore":null,"language":"fr","type":"Location","relevance":0.978347,"text":"Ukraine","count":1,"emotion":{},"sentiment":{"score":0},"disambiguation":{"name":"Ukraine","dbpedia_resource":"http://dbpedia.org/resource/Ukraine","subtype":["Region","Country","GovernmentalJurisdiction","Cuisine","ProjectParticipant"]}}],"keywords":[{"content":"MOSCOW — Dozens of armed men occupied the center of the city of Luhansk in eastern Ukraine on Wednesday, blocking the entrances to several government buildings during a standoff between two top officials in the Russian-backed separatist enclave. Armored vehicles appeared on the streets and the city’s inhabitants were fleeing the area en masse, according to local news media reports.","language":"fr","relevance":0.917722,"text":"Luhansk in eastern","emotion":{}},{"content":"MOSCOW — Dozens of armed men occupied the center of the city of Luhansk in eastern Ukraine on Wednesday, blocking the entrances to several government buildings during a standoff between two top officials in the Russian-backed separatist enclave. Armored vehicles appeared on the streets and the city’s inhabitants were fleeing the area en masse, according to local news media reports.","language":"fr","relevance":0.871846,"text":"entrances to several","emotion":{}}],"categories":[{"content":"MOSCOW — Dozens of armed men occupied the center of the city of Luhansk in eastern Ukraine on Wednesday, blocking the entrances to several government buildings during a standoff between two top officials in the Russian-backed separatist enclave. Armored vehicles appeared on the streets and the city’s inhabitants were fleeing the area en masse, according to local news media reports.","attached":null,"docLabel":null,"docScore":null,"language":"fr","label":"/news","score":0.191338},{"content":"MOSCOW — Dozens of armed men occupied the center of the city of Luhansk in eastern Ukraine on Wednesday, blocking the entrances to several government buildings during a standoff between two top officials in the Russian-backed separatist enclave. Armored vehicles appeared on the streets and the city’s inhabitants were fleeing the area en masse, according to local news media reports.","attached":null,"docLabel":null,"docScore":null,"language":"fr","label":"/law, govt and politics/government","score":0.188981},{"content":"MOSCOW — Dozens of armed men occupied the center of the city of Luhansk in eastern Ukraine on Wednesday, blocking the entrances to several government buildings during a standoff between two top officials in the Russian-backed separatist enclave. Armored vehicles appeared on the streets and the city’s inhabitants were fleeing the area en masse, according to local news media reports.","attached":null,"docLabel":null,"docScore":null,"language":"fr","label":"/society/unrest and war","score":0.133098}]},"tav1":{"content":"Rival Factions Battle for Control in Eastern Ukraine","emotion":{},"language":{"analytical":0.920855,"confident":0.898327},"social":{}},"tav3":null,"dsc":{"sentiment":{"document":{"score":-0.81343,"label":"negative"}},"entities":[{"content":null,"attached":"1.doc","docLabel":"negative","docScore":-0.81343,"language":null,"type":"Location","relevance":0.897952,"text":"Luhansk","count":5,"emotion":{},"sentiment":{"score":-0.853285,"label":"negative"},"disambiguation":{"subtype":["City"],"name":"Luhansk","dbpedia_resource":"http://dbpedia.org/resource/Luhansk"}},{"content":null,"attached":"1.doc","docLabel":"negative","docScore":-0.81343,"language":null,"type":"Organization","relevance":0.535722,"text":"Luhansk People’s Republic","count":1,"emotion":{},"sentiment":{"score":-0.56974,"label":"negative"},"disambiguation":{}},{"content":null,"attached":"1.doc","docLabel":"negative","docScore":-0.81343,"language":null,"type":"Location","relevance":0.435167,"text":"Luhansk —","count":1,"emotion":{},"sentiment":{"score":-0.600707,"label":"negative"},"disambiguation":{"subtype":["City"]}},{"content":null,"attached":"1.doc","docLabel":"negative","docScore":-0.81343,"language":null,"type":"Person","relevance":0.387826,"text":"Igor Kornet","count":3,"emotion":{},"sentiment":{"score":0,"label":"neutral"},"disambiguation":{}},{"content":null,"attached":"1.doc","docLabel":"negative","docScore":-0.81343,"language":null,"type":"JobTitle","relevance":0.294589,"text":"prime minister","count":1,"emotion":{},"sentiment":{"score":0,"label":"neutral"},"disambiguation":{}},{"content":null,"attached":"1.doc","docLabel":"negative","docScore":-0.81343,"language":null,"type":"Person","relevance":0.290073,"text":"Petro O. Poroshenko","count":2,"emotion":{},"sentiment":{"score":0,"label":"neutral"},"disambiguation":{}},{"content":null,"attached":"1.doc","docLabel":"negative","docScore":-0.81343,"language":null,"type":"JobTitle","relevance":0.26871,"text":"prosecutor","count":2,"emotion":{},"sentiment":{"score":-0.456643,"label":"negative"},"disambiguation":{}},{"content":null,"attached":"1.doc","docLabel":"negative","docScore":-0.81343,"language":null,"type":"Location","relevance":0.258271,"text":"Russia","count":2,"emotion":{},"sentiment":{"score":-0.600707,"label":"negative"},"disambiguation":{"subtype":["Region","GovernmentalJurisdiction","Cuisine","ProjectParticipant","Country"],"name":"Ukraine","dbpedia_resource":"http://dbpedia.org/resource/Ukraine"}},{"content":null,"attached":"1.doc","docLabel":"negative","docScore":-0.81343,"language":null,"type":"Organization","relevance":0.236471,"text":"Interior Ministry","count":1,"emotion":{},"sentiment":{"score":0,"label":"neutral"},"disambiguation":{}},{"content":null,"attached":"1.doc","docLabel":"negative","docScore":-0.81343,"language":null,"type":"Location","relevance":0.210339,"text":"Kiev","count":1,"emotion":{},"sentiment":{"score":0,"label":"neutral"},"disambiguation":{"subtype":["AdministrativeDivision","Country","AwardWinner","City"],"name":"Kiev","dbpedia_resource":"http://dbpedia.org/resource/Kiev"}},{"content":null,"attached":"1.doc","docLabel":"negative","docScore":-0.81343,"language":null,"type":"Location","relevance":0.201201,"text":"Moscow","count":1,"emotion":{},"sentiment":{"score":0.328852,"label":"positive"},"disambiguation":{"subtype":["AdministrativeDivision","GovernmentalJurisdiction","OlympicHostCity","AwardWinner","City"],"name":"Moscow","dbpedia_resource":"http://dbpedia.org/resource/Moscow"}},{"content":null,"attached":"1.doc","docLabel":"negative","docScore":-0.81343,"language":null,"type":"Location","relevance":0.198532,"text":"Berkut","count":1,"emotion":{},"sentiment":{"score":0,"label":"neutral"},"disambiguation":{"subtype":["City"]}},{"content":null,"attached":"1.doc","docLabel":"negative","docScore":-0.81343,"language":null,"type":"Person","relevance":0.185609,"text":"Novaya Gazeta","count":1,"emotion":{},"sentiment":{"score":0,"label":"neutral"},"disambiguation":{}},{"content":null,"attached":"1.doc","docLabel":"negative","docScore":-0.81343,"language":null,"type":"JobTitle","relevance":0.177017,"text":"president","count":1,"emotion":{},"sentiment":{"score":0,"label":"neutral"},"disambiguation":{}},{"content":null,"attached":"1.doc","docLabel":"negative","docScore":-0.81343,"language":null,"type":"Person","relevance":0.169533,"text":"Newsfront","count":1,"emotion":{},"sentiment":{"score":0,"label":"neutral"},"disambiguation":{}}],"concepts":[{"content":null,"attached":"1.doc","docLabel":"negative","docScore":-0.81343,"text":"Ukraine","relevance":0.961192,"dbpedia_resource":"http://dbpedia.org/resource/Ukraine"},{"content":null,"attached":"1.doc","docLabel":"negative","docScore":-0.81343,"text":"Russia","relevance":0.92813,"dbpedia_resource":"http://dbpedia.org/resource/Russia"},{"content":null,"attached":"1.doc","docLabel":"negative","docScore":-0.81343,"text":"Prime minister","relevance":0.744477,"dbpedia_resource":"http://dbpedia.org/resource/Prime_minister"},{"content":null,"attached":"1.doc","docLabel":"negative","docScore":-0.81343,"text":"Interior ministry","relevance":0.644395,"dbpedia_resource":"http://dbpedia.org/resource/Interior_ministry"},{"content":null,"attached":"1.doc","docLabel":"negative","docScore":-0.81343,"text":"Viktor Yushchenko","relevance":0.632493,"dbpedia_resource":"http://dbpedia.org/resource/Viktor_Yushchenko"},{"content":null,"attached":"1.doc","docLabel":"negative","docScore":-0.81343,"text":"Republic","relevance":0.627078,"dbpedia_resource":"http://dbpedia.org/resource/Republic"},{"content":null,"attached":"1.doc","docLabel":"negative","docScore":-0.81343,"text":"Yulia Tymoshenko","relevance":0.61462,"dbpedia_resource":"http://dbpedia.org/resource/Yulia_Tymoshenko"},{"content":null,"attached":"1.doc","docLabel":"negative","docScore":-0.81343,"text":"United States Department of the Interior","relevance":0.588505,"dbpedia_resource":"http://dbpedia.org/resource/United_States_Department_of_the_Interior"}],"categories":[{"content":null,"attached":"1.doc","docLabel":"negative","docScore":-0.81343,"language":null,"label":"/law, govt and politics/law enforcement/police","score":0.534684},{"content":null,"attached":"1.doc","docLabel":"negative","docScore":-0.81343,"language":null,"label":"/law, govt and politics/government","score":0.323307},{"content":null,"attached":"1.doc","docLabel":"negative","docScore":-0.81343,"language":null,"label":"/society/crime/personal offense/homicide","score":0.266531}]},"vr":{"classes":[{"picture":"pic1.jpg","score":0.798,"type_hierarchy":null,"class":"person"},{"picture":"pic1.jpg","score":0.839,"type_hierarchy":"/nature/Snow Scene","class":"Snow Scene"},{"picture":"pic1.jpg","score":0.839,"type_hierarchy":null,"class":"nature"},{"picture":"pic1.jpg","score":0.534,"type_hierarchy":null,"class":"snowdrift"},{"picture":"pic1.jpg","score":0.5,"type_hierarchy":"/weapon/tear gas","class":"tear gas"},{"picture":"pic1.jpg","score":0.502,"type_hierarchy":null,"class":"weapon"},{"picture":"pic1.jpg","score":0.9,"type_hierarchy":null,"class":"gray color"},{"picture":"pic1.jpg","score":0.694,"type_hierarchy":null,"class":"azure color"}]},"fr":null,"tr":null}},{"subject":"Russia, Turkey and Iran Propose Conference on Postwar Syria’s Future","content":"MOSCOW — Leaders of Russia, Turkey and Iran announced an agreement on Wednesday to sponsor a conference aimed at achieving a peaceful settlement of the Syria war. The announcement by the three leaders, who were meeting in the Russian Black Sea resort of Sochi, underscored Russia’s increasingly influential role in determining the outcome of the war, which appears to be winding down after nearly seven years.","url":null,"attached":null,"picture":"pic2.jpg","face":"face2.jpg","tip":null,"dId":null,"analysis":{"nlu":{"language":"fr","entities":[{"content":"MOSCOW — Leaders of Russia, Turkey and Iran announced an agreement on Wednesday to sponsor a conference aimed at achieving a peaceful settlement of the Syria war. The announcement by the three leaders, who were meeting in the Russian Black Sea resort of Sochi, underscored Russia’s increasingly influential role in determining the outcome of the war, which appears to be winding down after nearly seven years.","attached":null,"docLabel":null,"docScore":null,"language":"fr","type":"Location","relevance":0.963296,"text":"Iran","count":1,"emotion":{},"sentiment":{"score":0},"disambiguation":{"name":"Iran","dbpedia_resource":"http://dbpedia.org/resource/Iran","subtype":[]}},{"content":"MOSCOW — Leaders of Russia, Turkey and Iran announced an agreement on Wednesday to sponsor a conference aimed at achieving a peaceful settlement of the Syria war. The announcement by the three leaders, who were meeting in the Russian Black Sea resort of Sochi, underscored Russia’s increasingly influential role in determining the outcome of the war, which appears to be winding down after nearly seven years.","attached":null,"docLabel":null,"docScore":null,"language":"fr","type":"Measure","relevance":0.0332973,"text":"seven years","count":1,"emotion":{},"sentiment":{"score":0},"disambiguation":{"subtype":["Quantity"]}}],"keywords":[{"content":"MOSCOW — Leaders of Russia, Turkey and Iran announced an agreement on Wednesday to sponsor a conference aimed at achieving a peaceful settlement of the Syria war. The announcement by the three leaders, who were meeting in the Russian Black Sea resort of Sochi, underscored Russia’s increasingly influential role in determining the outcome of the war, which appears to be winding down after nearly seven years.","language":"fr","relevance":0.943539,"text":"Russia’s increasingly influential","emotion":{}},{"content":"MOSCOW — Leaders of Russia, Turkey and Iran announced an agreement on Wednesday to sponsor a conference aimed at achieving a peaceful settlement of the Syria war. The announcement by the three leaders, who were meeting in the Russian Black Sea resort of Sochi, underscored Russia’s increasingly influential role in determining the outcome of the war, which appears to be winding down after nearly seven years.","language":"fr","relevance":0.926122,"text":"Wednesday to sponsor","emotion":{}}],"categories":[{"content":"MOSCOW — Leaders of Russia, Turkey and Iran announced an agreement on Wednesday to sponsor a conference aimed at achieving a peaceful settlement of the Syria war. The announcement by the three leaders, who were meeting in the Russian Black Sea resort of Sochi, underscored Russia’s increasingly influential role in determining the outcome of the war, which appears to be winding down after nearly seven years.","attached":null,"docLabel":null,"docScore":null,"language":"fr","label":"/society/unrest and war","score":0.426129},{"content":"MOSCOW — Leaders of Russia, Turkey and Iran announced an agreement on Wednesday to sponsor a conference aimed at achieving a peaceful settlement of the Syria war. The announcement by the three leaders, who were meeting in the Russian Black Sea resort of Sochi, underscored Russia’s increasingly influential role in determining the outcome of the war, which appears to be winding down after nearly seven years.","attached":null,"docLabel":null,"docScore":null,"language":"fr","label":"/travel/tourist destinations/greece","score":0.160382},{"content":"MOSCOW — Leaders of Russia, Turkey and Iran announced an agreement on Wednesday to sponsor a conference aimed at achieving a peaceful settlement of the Syria war. The announcement by the three leaders, who were meeting in the Russian Black Sea resort of Sochi, underscored Russia’s increasingly influential role in determining the outcome of the war, which appears to be winding down after nearly seven years.","attached":null,"docLabel":null,"docScore":null,"language":"fr","label":"/sports/olympics","score":0.0991557}]},"tav1":{"content":"Russia, Turkey and Iran Propose Conference on Postwar Syria’s Future","emotion":{"joy":0.67849},"language":{"analytical":0.882284},"social":{}},"tav3":null,"dsc":null,"vr":{"classes":[{"picture":"pic2.jpg","score":0.79,"type_hierarchy":null,"class":"person"},{"picture":"pic2.jpg","score":0.906,"type_hierarchy":"/indoors/conference room","class":"conference room"},{"picture":"pic2.jpg","score":0.939,"type_hierarchy":null,"class":"indoors"},{"picture":"pic2.jpg","score":0.642,"type_hierarchy":"/building/office","class":"office"},{"picture":"pic2.jpg","score":0.649,"type_hierarchy":null,"class":"building"},{"picture":"pic2.jpg","score":0.5,"type_hierarchy":"/indoors/Legislative Chamber","class":"Legislative Chamber"},{"picture":"pic2.jpg","score":0.8,"type_hierarchy":null,"class":"reddish orange color"}]},"fr":{"faces":[{"face":"face2.jpg","ageMax":57,"ageMin":53,"ageScore":0.6531435,"gender":"MALE","genderScore":0.96794397,"identityName":null,"identityScore":null,"identityTypeHierarchy":null,"locationHeight":55,"locationLeft":468,"locationTop":36,"locationWidth":44},{"face":"face2.jpg","ageMax":57,"ageMin":54,"ageScore":0.7794325,"gender":"MALE","genderScore":0.99960846,"identityName":null,"identityScore":null,"identityTypeHierarchy":null,"locationHeight":57,"locationLeft":159,"locationTop":89,"locationWidth":48},{"face":"face2.jpg","ageMax":55,"ageMin":51,"ageScore":0.72284746,"gender":"MALE","genderScore":0.9998258,"identityName":null,"identityScore":null,"identityTypeHierarchy":null,"locationHeight":44,"locationLeft":306,"locationTop":87,"locationWidth":41}]},"tr":null}},{"subject":"At UEFA, Mounting Concern About A.C. Milan’s Murky Finances","content":"A.C. Milan is European soccer royalty, its global popularity driven not just by its 18 Italian league championships but also by its seven European titles. Those glories seem long ago these days — the last of Milan’s European Cups was won in 2007 — and now a financial crisis threatens to delay the club’s return to the top even longer. European soccer’s governing body, UEFA, is concerned about Milan’s financial viability under its Chinese owner, and without a resolution Milan could face sanctions that include a ban from the continental competition it once ruled. Facing mounting concern over its violations of so-called financial fair play rules, created to keep clubs from spending more than they bring in, Milan’s management is trying to persuade regulators that its new Chinese owner, Li Yonghong, is capable of stopping the team’s bleeding millions of euros a year.","url":null,"attached":"3.pdf","picture":"pic3.jpg","face":null,"tip":null,"dId":"51a37360-71b6-47f9-a5f4-535b95cfa111","analysis":{"nlu":{"language":"fr","entities":[{"content":"A.C. Milan is European soccer royalty, its global popularity driven not just by its 18 Italian league championships but also by its seven European titles. Those glories seem long ago these days — the last of Milan’s European Cups was won in 2007 — and now a financial crisis threatens to delay the club’s return to the top even longer. European soccer’s governing body, UEFA, is concerned about Milan’s financial viability under its Chinese owner, and without a resolution Milan could face sanctions that include a ban from the continental competition it once ruled. Facing mounting concern over its violations of so-called financial fair play rules, created to keep clubs from spending more than they bring in, Milan’s management is trying to persuade regulators that its new Chinese owner, Li Yonghong, is capable of stopping the team’s bleeding millions of euros a year.","attached":null,"docLabel":null,"docScore":null,"language":"fr","type":"Location","relevance":0.99,"text":"Milan","count":5,"emotion":{},"sentiment":{"score":0},"disambiguation":{}}],"keywords":[{"content":"A.C. Milan is European soccer royalty, its global popularity driven not just by its 18 Italian league championships but also by its seven European titles. Those glories seem long ago these days — the last of Milan’s European Cups was won in 2007 — and now a financial crisis threatens to delay the club’s return to the top even longer. European soccer’s governing body, UEFA, is concerned about Milan’s financial viability under its Chinese owner, and without a resolution Milan could face sanctions that include a ban from the continental competition it once ruled. Facing mounting concern over its violations of so-called financial fair play rules, created to keep clubs from spending more than they bring in, Milan’s management is trying to persuade regulators that its new Chinese owner, Li Yonghong, is capable of stopping the team’s bleeding millions of euros a year.","language":"fr","relevance":0.947487,"text":"by its","emotion":{}},{"content":"A.C. Milan is European soccer royalty, its global popularity driven not just by its 18 Italian league championships but also by its seven European titles. Those glories seem long ago these days — the last of Milan’s European Cups was won in 2007 — and now a financial crisis threatens to delay the club’s return to the top even longer. European soccer’s governing body, UEFA, is concerned about Milan’s financial viability under its Chinese owner, and without a resolution Milan could face sanctions that include a ban from the continental competition it once ruled. Facing mounting concern over its violations of so-called financial fair play rules, created to keep clubs from spending more than they bring in, Milan’s management is trying to persuade regulators that its new Chinese owner, Li Yonghong, is capable of stopping the team’s bleeding millions of euros a year.","language":"fr","relevance":0.785406,"text":"its seven european","emotion":{}}],"categories":[{"content":"A.C. Milan is European soccer royalty, its global popularity driven not just by its 18 Italian league championships but also by its seven European titles. Those glories seem long ago these days — the last of Milan’s European Cups was won in 2007 — and now a financial crisis threatens to delay the club’s return to the top even longer. European soccer’s governing body, UEFA, is concerned about Milan’s financial viability under its Chinese owner, and without a resolution Milan could face sanctions that include a ban from the continental competition it once ruled. Facing mounting concern over its violations of so-called financial fair play rules, created to keep clubs from spending more than they bring in, Milan’s management is trying to persuade regulators that its new Chinese owner, Li Yonghong, is capable of stopping the team’s bleeding millions of euros a year.","attached":null,"docLabel":null,"docScore":null,"language":"fr","label":"/travel/tourist destinations/italy","score":0.350152},{"content":"A.C. Milan is European soccer royalty, its global popularity driven not just by its 18 Italian league championships but also by its seven European titles. Those glories seem long ago these days — the last of Milan’s European Cups was won in 2007 — and now a financial crisis threatens to delay the club’s return to the top even longer. European soccer’s governing body, UEFA, is concerned about Milan’s financial viability under its Chinese owner, and without a resolution Milan could face sanctions that include a ban from the continental competition it once ruled. Facing mounting concern over its violations of so-called financial fair play rules, created to keep clubs from spending more than they bring in, Milan’s management is trying to persuade regulators that its new Chinese owner, Li Yonghong, is capable of stopping the team’s bleeding millions of euros a year.","attached":null,"docLabel":null,"docScore":null,"language":"fr","label":"/sports/soccer","score":0.286991},{"content":"A.C. Milan is European soccer royalty, its global popularity driven not just by its 18 Italian league championships but also by its seven European titles. Those glories seem long ago these days — the last of Milan’s European Cups was won in 2007 — and now a financial crisis threatens to delay the club’s return to the top even longer. European soccer’s governing body, UEFA, is concerned about Milan’s financial viability under its Chinese owner, and without a resolution Milan could face sanctions that include a ban from the continental competition it once ruled. Facing mounting concern over its violations of so-called financial fair play rules, created to keep clubs from spending more than they bring in, Milan’s management is trying to persuade regulators that its new Chinese owner, Li Yonghong, is capable of stopping the team’s bleeding millions of euros a year.","attached":null,"docLabel":null,"docScore":null,"language":"fr","label":"/home and garden","score":0.151125}]},"tav1":{"content":"At UEFA, Mounting Concern About A.C. Milan’s Murky Finances","emotion":{},"language":{},"social":{}},"tav3":null,"dsc":{"sentiment":{"document":{"score":-0.404704,"label":"negative"}},"entities":[{"content":null,"attached":"3.pdf","docLabel":"negative","docScore":-0.404704,"language":null,"type":"Organization","relevance":0.919612,"text":"UEFA","count":9,"emotion":{},"sentiment":{"score":-0.321993,"label":"negative"},"disambiguation":{"subtype":["SportsAssociation","FootballOrganization"],"name":"UEFA","dbpedia_resource":"http://dbpedia.org/resource/UEFA"}},{"content":null,"attached":"3.pdf","docLabel":"negative","docScore":-0.404704,"language":null,"type":"Person","relevance":0.888602,"text":"David Han Li","count":10,"emotion":{},"sentiment":{"score":-0.609337,"label":"negative"},"disambiguation":{}},{"content":null,"attached":"3.pdf","docLabel":"negative","docScore":-0.404704,"language":null,"type":"Person","relevance":0.475635,"text":"A.C. Milan","count":4,"emotion":{},"sentiment":{"score":-0.514089,"label":"negative"},"disambiguation":{}},{"content":null,"attached":"3.pdf","docLabel":"negative","docScore":-0.404704,"language":null,"type":"Location","relevance":0.465628,"text":"Milan","count":3,"emotion":{},"sentiment":{"score":-0.515037,"label":"negative"},"disambiguation":{"subtype":["ItalianComune","City"],"name":"Milan","dbpedia_resource":"http://dbpedia.org/resource/Milan"}},{"content":null,"attached":"3.pdf","docLabel":"negative","docScore":-0.404704,"language":null,"type":"Organization","relevance":0.295234,"text":"Champions League","count":2,"emotion":{},"sentiment":{"score":0.422143,"label":"positive"},"disambiguation":{"subtype":["RecurringEvent","SportsLeagueChampionship","FootballCompetition"],"name":"UEFA Champions League","dbpedia_resource":"http://dbpedia.org/resource/UEFA_Champions_League"}},{"content":null,"attached":"3.pdf","docLabel":"negative","docScore":-0.404704,"language":null,"type":"Company","relevance":0.254942,"text":"Elliott Management","count":1,"emotion":{},"sentiment":{"score":0,"label":"neutral"},"disambiguation":{"subtype":[],"name":"Elliott Management Corporation","dbpedia_resource":"http://dbpedia.org/resource/Elliott_Management_Corporation"}},{"content":null,"attached":"3.pdf","docLabel":"negative","docScore":-0.404704,"language":null,"type":"Organization","relevance":0.235666,"text":"Europa League","count":1,"emotion":{},"sentiment":{"score":0,"label":"neutral"},"disambiguation":{"subtype":["FootballCompetition"],"name":"UEFA Europa League","dbpedia_resource":"http://dbpedia.org/resource/UEFA_Europa_League"}},{"content":null,"attached":"3.pdf","docLabel":"negative","docScore":-0.404704,"language":null,"type":"JobTitle","relevance":0.231741,"text":"chief executive","count":1,"emotion":{},"sentiment":{"score":0,"label":"neutral"},"disambiguation":{}},{"content":null,"attached":"3.pdf","docLabel":"negative","docScore":-0.404704,"language":null,"type":"Person","relevance":0.229739,"text":"Elliott","count":2,"emotion":{},"sentiment":{"score":-0.184816,"label":"negative"},"disambiguation":{}},{"content":null,"attached":"3.pdf","docLabel":"negative","docScore":-0.404704,"language":null,"type":"Location","relevance":0.222016,"text":"Nyon","count":1,"emotion":{},"sentiment":{"score":0,"label":"neutral"},"disambiguation":{"subtype":["City"],"name":"Nyon","dbpedia_resource":"http://dbpedia.org/resource/Nyon"}},{"content":null,"attached":"3.pdf","docLabel":"negative","docScore":-0.404704,"language":null,"type":"Company","relevance":0.209662,"text":"HPS Investment Partners","count":1,"emotion":{},"sentiment":{"score":0,"label":"neutral"},"disambiguation":{}},{"content":null,"attached":"3.pdf","docLabel":"negative","docScore":-0.404704,"language":null,"type":"Location","relevance":0.208944,"text":"Switzerland","count":1,"emotion":{},"sentiment":{"score":0,"label":"neutral"},"disambiguation":{"subtype":["Country"],"name":"Switzerland","dbpedia_resource":"http://dbpedia.org/resource/Switzerland"}},{"content":null,"attached":"3.pdf","docLabel":"negative","docScore":-0.404704,"language":null,"type":"Sport","relevance":0.207185,"text":"soccer","count":1,"emotion":{},"sentiment":{"score":-0.515037,"label":"negative"},"disambiguation":{"subtype":[],"name":"Association football","dbpedia_resource":"http://dbpedia.org/resource/Association_football"}},{"content":null,"attached":"3.pdf","docLabel":"negative","docScore":-0.404704,"language":null,"type":"Person","relevance":0.206995,"text":"Marco Fassone","count":1,"emotion":{},"sentiment":{"score":0,"label":"neutral"},"disambiguation":{}},{"content":null,"attached":"3.pdf","docLabel":"negative","docScore":-0.404704,"language":null,"type":"PrintMedia","relevance":0.203083,"text":"The New York Times","count":1,"emotion":{},"sentiment":{"score":0,"label":"neutral"},"disambiguation":{"subtype":["Organization","Company","AwardPresentingOrganization","AwardWinner","CompanyShareholder","Newspaper"],"name":"The New York Times","dbpedia_resource":"http://dbpedia.org/resource/The_New_York_Times"}},{"content":null,"attached":"3.pdf","docLabel":"negative","docScore":-0.404704,"language":null,"type":"Person","relevance":0.201101,"text":"Elliot","count":1,"emotion":{},"sentiment":{"score":0,"label":"neutral"},"disambiguation":{}},{"content":null,"attached":"3.pdf","docLabel":"negative","docScore":-0.404704,"language":null,"type":"Company","relevance":0.197626,"text":"J.P. Morgan Asset Management","count":1,"emotion":{},"sentiment":{"score":0,"label":"neutral"},"disambiguation":{}},{"content":null,"attached":"3.pdf","docLabel":"negative","docScore":-0.404704,"language":null,"type":"Location","relevance":0.19527,"text":"Italy","count":1,"emotion":{},"sentiment":{"score":-0.298697,"label":"negative"},"disambiguation":{"subtype":["HumanLanguage","PoliticalDistrict","Region","AdministrativeDivision","GovernmentalJurisdiction","Country"],"name":"Italy","dbpedia_resource":"http://dbpedia.org/resource/Italy"}},{"content":null,"attached":"3.pdf","docLabel":"negative","docScore":-0.404704,"language":null,"type":"Facility","relevance":0.19514,"text":"CSKA Sofa","count":1,"emotion":{},"sentiment":{"score":0,"label":"neutral"},"disambiguation":{}},{"content":null,"attached":"3.pdf","docLabel":"negative","docScore":-0.404704,"language":null,"type":"PrintMedia","relevance":0.191384,"text":"Serie A","count":1,"emotion":{},"sentiment":{"score":0,"label":"neutral"},"disambiguation":{}},{"content":null,"attached":"3.pdf","docLabel":"negative","docScore":-0.404704,"language":null,"type":"Location","relevance":0.184882,"text":"Moscow","count":1,"emotion":{},"sentiment":{"score":0,"label":"neutral"},"disambiguation":{"subtype":["AdministrativeDivision","GovernmentalJurisdiction","OlympicHostCity","AwardWinner","City"],"name":"Moscow","dbpedia_resource":"http://dbpedia.org/resource/Moscow"}},{"content":null,"attached":"3.pdf","docLabel":"negative","docScore":-0.404704,"language":null,"type":"Location","relevance":0.182955,"text":"Russia","count":1,"emotion":{},"sentiment":{"score":0,"label":"neutral"},"disambiguation":{"subtype":["Region","GovernmentalJurisdiction","Cuisine","ProjectParticipant","Country"],"name":"Ukraine","dbpedia_resource":"http://dbpedia.org/resource/Ukraine"}},{"content":null,"attached":"3.pdf","docLabel":"negative","docScore":-0.404704,"language":null,"type":"PrintMedia","relevance":0.182765,"text":"The Times","count":1,"emotion":{},"sentiment":{"score":0,"label":"neutral"},"disambiguation":{}},{"content":null,"attached":"3.pdf","docLabel":"negative","docScore":-0.404704,"language":null,"type":"Location","relevance":0.182718,"text":"China","count":1,"emotion":{},"sentiment":{"score":0,"label":"neutral"},"disambiguation":{"subtype":["Country"]}},{"content":null,"attached":"3.pdf","docLabel":"negative","docScore":-0.404704,"language":null,"type":"Location","relevance":0.181973,"text":"Turkey","count":1,"emotion":{},"sentiment":{"score":0,"label":"neutral"},"disambiguation":{"subtype":["Brand","GovernmentalJurisdiction","ProjectParticipant","Country"],"name":"Turkey","dbpedia_resource":"http://dbpedia.org/resource/Turkey"}},{"content":null,"attached":"3.pdf","docLabel":"negative","docScore":-0.404704,"language":null,"type":"Quantity","relevance":0.181973,"text":"$270 million","count":1,"emotion":{},"sentiment":{"score":0,"label":"neutral"},"disambiguation":{}},{"content":null,"attached":"3.pdf","docLabel":"negative","docScore":-0.404704,"language":null,"type":"Quantity","relevance":0.181973,"text":"$354 million","count":1,"emotion":{},"sentiment":{"score":0,"label":"neutral"},"disambiguation":{}},{"content":null,"attached":"3.pdf","docLabel":"negative","docScore":-0.404704,"language":null,"type":"Quantity","relevance":0.181973,"text":"$860 million","count":1,"emotion":{},"sentiment":{"score":0,"label":"neutral"},"disambiguation":{}},{"content":null,"attached":"3.pdf","docLabel":"negative","docScore":-0.404704,"language":null,"type":"Quantity","relevance":0.181973,"text":"Two weeks","count":1,"emotion":{},"sentiment":{"score":0,"label":"neutral"},"disambiguation":{}},{"content":null,"attached":"3.pdf","docLabel":"negative","docScore":-0.404704,"language":null,"type":"Quantity","relevance":0.181973,"text":"four-hour","count":1,"emotion":{},"sentiment":{"score":0,"label":"neutral"},"disambiguation":{}},{"content":null,"attached":"3.pdf","docLabel":"negative","docScore":-0.404704,"language":null,"type":"Quantity","relevance":0.181973,"text":"four-year","count":1,"emotion":{},"sentiment":{"score":0,"label":"neutral"},"disambiguation":{}}],"concepts":[{"content":null,"attached":"3.pdf","docLabel":"negative","docScore":-0.404704,"text":"UEFA Europa League","relevance":0.974254,"dbpedia_resource":"http://dbpedia.org/resource/UEFA_Europa_League"},{"content":null,"attached":"3.pdf","docLabel":"negative","docScore":-0.404704,"text":"Serie A","relevance":0.946506,"dbpedia_resource":"http://dbpedia.org/resource/Serie_A"},{"content":null,"attached":"3.pdf","docLabel":"negative","docScore":-0.404704,"text":"UEFA","relevance":0.800422,"dbpedia_resource":"http://dbpedia.org/resource/UEFA"},{"content":null,"attached":"3.pdf","docLabel":"negative","docScore":-0.404704,"text":"UEFA Champions League","relevance":0.748511,"dbpedia_resource":"http://dbpedia.org/resource/UEFA_Champions_League"},{"content":null,"attached":"3.pdf","docLabel":"negative","docScore":-0.404704,"text":"Juventus F.C.","relevance":0.724158,"dbpedia_resource":"http://dbpedia.org/resource/Juventus_F.C."},{"content":null,"attached":"3.pdf","docLabel":"negative","docScore":-0.404704,"text":"F.C. Internazionale Milano","relevance":0.596129,"dbpedia_resource":"http://dbpedia.org/resource/F.C._Internazionale_Milano"},{"content":null,"attached":"3.pdf","docLabel":"negative","docScore":-0.404704,"text":"UEFA Cup Winners' Cup","relevance":0.591059,"dbpedia_resource":"http://dbpedia.org/resource/UEFA_Cup_Winners'_Cup"},{"content":null,"attached":"3.pdf","docLabel":"negative","docScore":-0.404704,"text":"A.C. Milan","relevance":0.573606,"dbpedia_resource":"http://dbpedia.org/resource/A.C._Milan"}],"categories":[{"content":null,"attached":"3.pdf","docLabel":"negative","docScore":-0.404704,"language":null,"label":"/sports/football","score":0.412904},{"content":null,"attached":"3.pdf","docLabel":"negative","docScore":-0.404704,"language":null,"label":"/travel/tourist destinations/italy","score":0.358293},{"content":null,"attached":"3.pdf","docLabel":"negative","docScore":-0.404704,"language":null,"label":"/finance/investing/funds/hedge fund","score":0.307057}]},"vr":{"classes":[{"picture":"pic3.jpg","score":0.837,"type_hierarchy":"/light source/torch","class":"torch"},{"picture":"pic3.jpg","score":0.837,"type_hierarchy":null,"class":"light source"},{"picture":"pic3.jpg","score":0.534,"type_hierarchy":"/person/contestant/competition","class":"competition"},{"picture":"pic3.jpg","score":0.534,"type_hierarchy":null,"class":"contestant"},{"picture":"pic3.jpg","score":0.656,"type_hierarchy":null,"class":"person"},{"picture":"pic3.jpg","score":0.5,"type_hierarchy":"/person/torchbearer","class":"torchbearer"},{"picture":"pic3.jpg","score":0.797,"type_hierarchy":null,"class":"sport"},{"picture":"pic3.jpg","score":0.612,"type_hierarchy":null,"class":"lemon yellow color"},{"picture":"pic3.jpg","score":0.518,"type_hierarchy":null,"class":"alizarine red color"}]},"fr":null,"tr":null}},{"subject":"A Photo of Billy the Kid Bought for $10 at a Flea Market May Be Worth Millions","content":"At a flea market six years ago, a North Carolina lawyer named Frank Abrams unknowingly bought a rare photograph that experts say shows Billy the Kid relaxing with the man who would eventually kill him. Billy the Kid, one of the best-known outlaws in American history, is thought to be there in the back, second from the left. The man all the way to the right is Pat Garrett, who would soon become the sheriff of Lincoln County, N.M., and — the story goes — shoot the outlaw dead in a darkened room.","url":null,"attached":"4.doc","picture":null,"face":"face4.jpg","tip":"tip4.jpg","dId":"4c9f9d20-21dc-47bd-ae5d-0868131dfab0","analysis":{"nlu":{"language":"fr","entities":[{"content":"At a flea market six years ago, a North Carolina lawyer named Frank Abrams unknowingly bought a rare photograph that experts say shows Billy the Kid relaxing with the man who would eventually kill him. Billy the Kid, one of the best-known outlaws in American history, is thought to be there in the back, second from the left. The man all the way to the right is Pat Garrett, who would soon become the sheriff of Lincoln County, N.M., and — the story goes — shoot the outlaw dead in a darkened room.","attached":null,"docLabel":null,"docScore":null,"language":"fr","type":"Measure","relevance":0.958279,"text":"six years","count":1,"emotion":{},"sentiment":{"score":-0.792897},"disambiguation":{"subtype":["Quantity"]}},{"content":"At a flea market six years ago, a North Carolina lawyer named Frank Abrams unknowingly bought a rare photograph that experts say shows Billy the Kid relaxing with the man who would eventually kill him. Billy the Kid, one of the best-known outlaws in American history, is thought to be there in the back, second from the left. The man all the way to the right is Pat Garrett, who would soon become the sheriff of Lincoln County, N.M., and — the story goes — shoot the outlaw dead in a darkened room.","attached":null,"docLabel":null,"docScore":null,"language":"fr","type":"Person","relevance":0.416198,"text":"Billy","count":1,"emotion":{},"sentiment":{"score":0},"disambiguation":{}}],"keywords":[{"content":"At a flea market six years ago, a North Carolina lawyer named Frank Abrams unknowingly bought a rare photograph that experts say shows Billy the Kid relaxing with the man who would eventually kill him. Billy the Kid, one of the best-known outlaws in American history, is thought to be there in the back, second from the left. The man all the way to the right is Pat Garrett, who would soon become the sheriff of Lincoln County, N.M., and — the story goes — shoot the outlaw dead in a darkened room.","language":"fr","relevance":0.932259,"text":"who would","emotion":{}},{"content":"At a flea market six years ago, a North Carolina lawyer named Frank Abrams unknowingly bought a rare photograph that experts say shows Billy the Kid relaxing with the man who would eventually kill him. Billy the Kid, one of the best-known outlaws in American history, is thought to be there in the back, second from the left. The man all the way to the right is Pat Garrett, who would soon become the sheriff of Lincoln County, N.M., and — the story goes — shoot the outlaw dead in a darkened room.","language":"fr","relevance":0.828297,"text":"man who would","emotion":{}}],"categories":[{"content":"At a flea market six years ago, a North Carolina lawyer named Frank Abrams unknowingly bought a rare photograph that experts say shows Billy the Kid relaxing with the man who would eventually kill him. Billy the Kid, one of the best-known outlaws in American history, is thought to be there in the back, second from the left. The man all the way to the right is Pat Garrett, who would soon become the sheriff of Lincoln County, N.M., and — the story goes — shoot the outlaw dead in a darkened room.","attached":null,"docLabel":null,"docScore":null,"language":"fr","label":"/science/social science/history","score":0.548373},{"content":"At a flea market six years ago, a North Carolina lawyer named Frank Abrams unknowingly bought a rare photograph that experts say shows Billy the Kid relaxing with the man who would eventually kill him. Billy the Kid, one of the best-known outlaws in American history, is thought to be there in the back, second from the left. The man all the way to the right is Pat Garrett, who would soon become the sheriff of Lincoln County, N.M., and — the story goes — shoot the outlaw dead in a darkened room.","attached":null,"docLabel":null,"docScore":null,"language":"fr","label":"/art and entertainment/music","score":0.223266},{"content":"At a flea market six years ago, a North Carolina lawyer named Frank Abrams unknowingly bought a rare photograph that experts say shows Billy the Kid relaxing with the man who would eventually kill him. Billy the Kid, one of the best-known outlaws in American history, is thought to be there in the back, second from the left. The man all the way to the right is Pat Garrett, who would soon become the sheriff of Lincoln County, N.M., and — the story goes — shoot the outlaw dead in a darkened room.","attached":null,"docLabel":null,"docScore":null,"language":"fr","label":"/society/crime/personal offense/homicide","score":0.194433}]},"tav1":{"content":"A Photo of Billy the Kid Bought for $10 at a Flea Market May Be Worth Millions","emotion":{"joy":0.561832},"language":{"tentative":0.58393},"social":{}},"tav3":null,"dsc":{"sentiment":{"document":{"score":-0.297559,"label":"negative"}},"entities":[{"content":null,"attached":"4.doc","docLabel":"negative","docScore":-0.297559,"language":null,"type":"Person","relevance":0.889476,"text":"Mr. Abrams","count":11,"emotion":{},"sentiment":{"score":0.116833,"label":"positive"},"disambiguation":{}},{"content":null,"attached":"4.doc","docLabel":"negative","docScore":-0.297559,"language":null,"type":"Person","relevance":0.782382,"text":"Pat Garrett","count":11,"emotion":{},"sentiment":{"score":-0.609762,"label":"negative"},"disambiguation":{"subtype":[],"name":"Pat Garrett","dbpedia_resource":"http://dbpedia.org/resource/Pat_Garrett"}},{"content":null,"attached":"4.doc","docLabel":"negative","docScore":-0.297559,"language":null,"type":"Person","relevance":0.524317,"text":"Billy","count":6,"emotion":{},"sentiment":{"score":-0.505381,"label":"negative"},"disambiguation":{}},{"content":null,"attached":"4.doc","docLabel":"negative","docScore":-0.297559,"language":null,"type":"Person","relevance":0.505775,"text":"Robert Stahl","count":5,"emotion":{},"sentiment":{"score":-0.0657734,"label":"negative"},"disambiguation":{}},{"content":null,"attached":"4.doc","docLabel":"negative","docScore":-0.297559,"language":null,"type":"Person","relevance":0.324646,"text":"William Dunniway","count":2,"emotion":{},"sentiment":{"score":0.464652,"label":"positive"},"disambiguation":{}},{"content":null,"attached":"4.doc","docLabel":"negative","docScore":-0.297559,"language":null,"type":"Sport","relevance":0.26726,"text":"croquet","count":1,"emotion":{},"sentiment":{"score":0,"label":"neutral"},"disambiguation":{"subtype":[],"name":"Croquet","dbpedia_resource":"http://dbpedia.org/resource/Croquet"}},{"content":null,"attached":"4.doc","docLabel":"negative","docScore":-0.297559,"language":null,"type":"Person","relevance":0.265865,"text":"Jesse James","count":1,"emotion":{},"sentiment":{"score":0,"label":"neutral"},"disambiguation":{"subtype":[],"name":"Jesse James","dbpedia_resource":"http://dbpedia.org/resource/Jesse_James"}},{"content":null,"attached":"4.doc","docLabel":"negative","docScore":-0.297559,"language":null,"type":"Company","relevance":0.256254,"text":"Airbnb","count":1,"emotion":{},"sentiment":{"score":0,"label":"neutral"},"disambiguation":{"subtype":[],"name":"Airbnb","dbpedia_resource":"http://dbpedia.org/resource/Airbnb"}},{"content":null,"attached":"4.doc","docLabel":"negative","docScore":-0.297559,"language":null,"type":"Person","relevance":0.249001,"text":"William H. Bonney","count":2,"emotion":{},"sentiment":{"score":0,"label":"neutral"},"disambiguation":{"subtype":["FilmWriter"],"name":"Billy the Kid","dbpedia_resource":"http://dbpedia.org/resource/Billy_the_Kid"}},{"content":null,"attached":"4.doc","docLabel":"negative","docScore":-0.297559,"language":null,"type":"Company","relevance":0.248422,"text":"Google","count":1,"emotion":{},"sentiment":{"score":-0.529932,"label":"negative"},"disambiguation":{"subtype":["AcademicInstitution","AwardPresentingOrganization","OperatingSystemDeveloper","ProgrammingLanguageDeveloper","SoftwareDeveloper","VentureFundedCompany"],"name":"Google","dbpedia_resource":"http://dbpedia.org/resource/Google"}},{"content":null,"attached":"4.doc","docLabel":"negative","docScore":-0.297559,"language":null,"type":"Location","relevance":0.246597,"text":"North Carolina","count":1,"emotion":{},"sentiment":{"score":0,"label":"neutral"},"disambiguation":{"subtype":["PoliticalDistrict","AdministrativeDivision","GovernmentalJurisdiction","USState","StateOrCounty"],"name":"North Carolina","dbpedia_resource":"http://dbpedia.org/resource/North_Carolina"}},{"content":null,"attached":"4.doc","docLabel":"negative","docScore":-0.297559,"language":null,"type":"Organization","relevance":0.245657,"text":"Arizona State University","count":1,"emotion":{},"sentiment":{"score":0,"label":"neutral"},"disambiguation":{"subtype":["University"],"name":"Arizona State University","dbpedia_resource":"http://dbpedia.org/resource/Arizona_State_University"}},{"content":null,"attached":"4.doc","docLabel":"negative","docScore":-0.297559,"language":null,"type":"Location","relevance":0.24056,"text":"Wild West","count":1,"emotion":{},"sentiment":{"score":-0.397716,"label":"negative"},"disambiguation":{"subtype":["Region"]}},{"content":null,"attached":"4.doc","docLabel":"negative","docScore":-0.297559,"language":null,"type":"Location","relevance":0.239744,"text":"Fort Sumner","count":1,"emotion":{},"sentiment":{"score":0,"label":"neutral"},"disambiguation":{"subtype":["City"]}},{"content":null,"attached":"4.doc","docLabel":"negative","docScore":-0.297559,"language":null,"type":"Location","relevance":0.237481,"text":"Lincoln County","count":1,"emotion":{},"sentiment":{"score":-0.423857,"label":"negative"},"disambiguation":{"subtype":["AdministrativeDivision","USCounty","StateOrCounty"],"name":"Lincoln County, New Mexico","dbpedia_resource":"http://dbpedia.org/resource/Lincoln_County,_New_Mexico"}},{"content":null,"attached":"4.doc","docLabel":"negative","docScore":-0.297559,"language":null,"type":"Location","relevance":0.228469,"text":"New Mexico","count":1,"emotion":{},"sentiment":{"score":0,"label":"neutral"},"disambiguation":{"subtype":["PoliticalDistrict","AdministrativeDivision","GovernmentalJurisdiction","USState","StateOrCounty"],"name":"New Mexico","dbpedia_resource":"http://dbpedia.org/resource/New_Mexico"}},{"content":null,"attached":"4.doc","docLabel":"negative","docScore":-0.297559,"language":null,"type":"Person","relevance":0.222863,"text":"Adam","count":1,"emotion":{},"sentiment":{"score":-0.373722,"label":"negative"},"disambiguation":{}},{"content":null,"attached":"4.doc","docLabel":"negative","docScore":-0.297559,"language":null,"type":"JobTitle","relevance":0.221419,"text":"professor","count":1,"emotion":{},"sentiment":{"score":0,"label":"neutral"},"disambiguation":{}},{"content":null,"attached":"4.doc","docLabel":"negative","docScore":-0.297559,"language":null,"type":"Person","relevance":0.219839,"text":"Kent Gibson","count":1,"emotion":{},"sentiment":{"score":0,"label":"neutral"},"disambiguation":{}},{"content":null,"attached":"4.doc","docLabel":"negative","docScore":-0.297559,"language":null,"type":"Quantity","relevance":0.219839,"text":"$5 million","count":1,"emotion":{},"sentiment":{"score":0,"label":"neutral"},"disambiguation":{}},{"content":null,"attached":"4.doc","docLabel":"negative","docScore":-0.297559,"language":null,"type":"Quantity","relevance":0.219839,"text":"$10","count":1,"emotion":{},"sentiment":{"score":0,"label":"neutral"},"disambiguation":{}}],"concepts":[{"content":null,"attached":"4.doc","docLabel":"negative","docScore":-0.297559,"text":"Billy the Kid","relevance":0.955387,"dbpedia_resource":"http://dbpedia.org/resource/Billy_the_Kid"},{"content":null,"attached":"4.doc","docLabel":"negative","docScore":-0.297559,"text":"Pat Garrett","relevance":0.610843,"dbpedia_resource":"http://dbpedia.org/resource/Pat_Garrett"},{"content":null,"attached":"4.doc","docLabel":"negative","docScore":-0.297559,"text":"American Old West","relevance":0.546174,"dbpedia_resource":"http://dbpedia.org/resource/American_Old_West"},{"content":null,"attached":"4.doc","docLabel":"negative","docScore":-0.297559,"text":"19th century","relevance":0.479163,"dbpedia_resource":"http://dbpedia.org/resource/19th_century"},{"content":null,"attached":"4.doc","docLabel":"negative","docScore":-0.297559,"text":"Lincoln County War","relevance":0.416027,"dbpedia_resource":"http://dbpedia.org/resource/Lincoln_County_War"},{"content":null,"attached":"4.doc","docLabel":"negative","docScore":-0.297559,"text":"The Outlaw","relevance":0.398229,"dbpedia_resource":"http://dbpedia.org/resource/The_Outlaw"},{"content":null,"attached":"4.doc","docLabel":"negative","docScore":-0.297559,"text":"Fort Sumner","relevance":0.395602,"dbpedia_resource":"http://dbpedia.org/resource/Fort_Sumner"},{"content":null,"attached":"4.doc","docLabel":"negative","docScore":-0.297559,"text":"Fort Sumner, New Mexico","relevance":0.394298,"dbpedia_resource":"http://dbpedia.org/resource/Fort_Sumner,_New_Mexico"}],"categories":[{"content":null,"attached":"4.doc","docLabel":"negative","docScore":-0.297559,"language":null,"label":"/technology and computing/consumer electronics/telephones/mobile phones","score":0.577365},{"content":null,"attached":"4.doc","docLabel":"negative","docScore":-0.297559,"language":null,"label":"/travel/tourist destinations/mexico and central america","score":0.553683},{"content":null,"attached":"4.doc","docLabel":"negative","docScore":-0.297559,"language":null,"label":"/sports/rodeo","score":0.548037}]},"vr":null,"fr":{"faces":[{"face":"face4.jpg","ageMax":37,"ageMin":32,"ageScore":0.4823149,"gender":"MALE","genderScore":0.99947363,"identityName":null,"identityScore":null,"identityTypeHierarchy":null,"locationHeight":99,"locationLeft":356,"locationTop":97,"locationWidth":91},{"face":"face4.jpg","ageMax":33,"ageMin":24,"ageScore":0.21146506,"gender":"MALE","genderScore":0.9755898,"identityName":null,"identityScore":null,"identityTypeHierarchy":null,"locationHeight":93,"locationLeft":222,"locationTop":58,"locationWidth":75},{"face":"face4.jpg","ageMax":49,"ageMin":40,"ageScore":0.24220115,"gender":"MALE","genderScore":0.9939429,"identityName":null,"identityScore":null,"identityTypeHierarchy":null,"locationHeight":105,"locationLeft":90,"locationTop":137,"locationWidth":104},{"face":"face4.jpg","ageMax":28,"ageMin":24,"ageScore":0.8310506,"gender":"MALE","genderScore":0.99336857,"identityName":null,"identityScore":null,"identityTypeHierarchy":null,"locationHeight":84,"locationLeft":603,"locationTop":105,"locationWidth":58}]},"tr":null}}]
